modelo,accuracy,precision_clase_1,recall_clase_1,f1_clase_1
Regresión logística,0.6190476190476191,0.5476190476190477,0.6388888888888888,0.5897435897435898
Árbol de decisión,0.5595238095238095,0.4897959183673469,0.6666666666666666,0.5647058823529412
Bosque aleatorio,0.5833333333333334,0.5135135135135135,0.5277777777777778,0.5205479452054794
